run_id,ncbi_taxon_id,taxon_rank_level,relative_abundance,name,lineage,CDF,CDF1,CDF2,CDF3,AerobicExercise,CitrusFruitExtractSupplementation,ModerateIntensityExercise,RedWine
SRR5936079,411475,strain,0.0636,Flavonifractor plautii ATCC 29863,n__cellular organisms__131567;sk__Bacteria__2;cl__Terrabacteria group__1783272;p__Bacillota__1239;c__Clostridia__186801;o__Eubacteriales__186802;f__Oscillospiraceae__216572;g__Flavonifractor__946234;s__Flavonifractor plautii__292800;st__Flavonifractor plautii ATCC 29863__411475,0.9995333465606832,0.9768567235817324,0.9768213478760877,0.9768637540958576,0.9981211084134196,0.9994440305170704,0.9994559496879524,0.9987253931201994
SRR5936079,292800,species,0.0636,Flavonifractor plautii,n__cellular organisms__131567;sk__Bacteria__2;cl__Terrabacteria group__1783272;p__Bacillota__1239;c__Clostridia__186801;o__Eubacteriales__186802;f__Oscillospiraceae__216572;g__Flavonifractor__946234;s__Flavonifractor plautii__292800,0.9990557324387164,0.9154440151804928,0.915369251998233,0.9154569500299462,0.9975659393028622,0.99908385624807,0.9991059444552756,0.9981690134705216
SRR5936079,946234,genus,0.0659,Flavonifractor,n__cellular organisms__131567;sk__Bacteria__2;cl__Terrabacteria group__1783272;p__Bacillota__1239;c__Clostridia__186801;o__Eubacteriales__186802;f__Oscillospiraceae__216572;g__Flavonifractor__946234,0.9990799927574636,0.9065385402198916,0.9064205165476742,0.9065782501619186,0.9976100408978922,0.999109927954088,0.9991322200812373,0.9982115412526468
SRR5936079,216572,family,0.1635999999999998,Oscillospiraceae,n__cellular organisms__131567;sk__Bacteria__2;cl__Terrabacteria group__1783272;p__Bacillota__1239;c__Clostridia__186801;o__Eubacteriales__186802;f__Oscillospiraceae__216572,0.7128875358995672,0.0373591875133583,0.0377786514607317,0.0368519150803399,0.7472579497902724,0.6831287183196075,0.7633845055874827,0.5644845543542238
SRR5936079,186802,order,0.2079999999999997,Eubacteriales,n__cellular organisms__131567;sk__Bacteria__2;cl__Terrabacteria group__1783272;p__Bacillota__1239;c__Clostridia__186801;o__Eubacteriales__186802,0.7270514682264386,0.0288149090614678,0.0297074654494849,0.0283842078899248,0.6495105010949291,0.5884969830804488,0.6697872765907356,0.4566541349578741
SRR5936079,186801,class,0.5117999999999996,Clostridia,n__cellular organisms__131567;sk__Bacteria__2;cl__Terrabacteria group__1783272;p__Bacillota__1239;c__Clostridia__186801,0.849517527787876,0.021965325849362,0.021988318301534,0.0217940801749662,0.7147463234242794,0.8570570460417432,0.8504041378430139,0.7039436977015295
SRR5936079,1239,phylum,0.7901999999999993,Bacillota,n__cellular organisms__131567;sk__Bacteria__2;cl__Terrabacteria group__1783272;p__Bacillota__1239,0.9706968655300404,0.0034517073126736,0.0034492963726641,0.0031919219697345,0.9812434745843136,0.9755042283694596,0.9711983318588652,0.8555605274405508
SRR5936079,1783272,clade,0.8270999999999993,Terrabacteria group,n__cellular organisms__131567;sk__Bacteria__2;cl__Terrabacteria group__1783272,0.9232899649507328,0.0010575061598065,0.001070068803089,0.0010177177933398,0.9392895846326316,0.9286587284308474,0.926371779961116,0.8244987216898748
SRR5936079,2,superkingdom,0.9979999999999992,Bacteria,n__cellular organisms__131567;sk__Bacteria__2,0.623488457310321,0.0002040399918384,0.0002040399918384,0.0002040399918384,0.8471407501904122,0.8457457661701104,0.8091862544084174,0.8099465033655786
SRR5936079,131567,no rank,0.9979999999999992,cellular organisms,n__cellular organisms__131567,0.5349945034810918,0.0002040399918384,0.0002040399918384,0.0002040399918384,0.7548587071830671,0.7520914099162948,0.6940223854580332,0.6951553483282362
SRR5936079,1965537,species,0.0023,Flavonifractor sp. An10,n__cellular organisms__131567;sk__Bacteria__2;cl__Terrabacteria group__1783272;p__Bacillota__1239;c__Clostridia__186801;o__Eubacteriales__186802;f__Oscillospiraceae__216572;g__Flavonifractor__946234;n__unclassified Flavonifractor__2629267;s__Flavonifractor sp. An10__1965537,0.9933048725869178,0.9980684686791989,0.9980636292779224,0.9980687840629852,0.9891151287905762,0.9932996630374208,0.9933196924573487,0.991706894151723
SRR5936079,2629267,no rank,0.0023,unclassified Flavonifractor,n__cellular organisms__131567;sk__Bacteria__2;cl__Terrabacteria group__1783272;p__Bacillota__1239;c__Clostridia__186801;o__Eubacteriales__186802;f__Oscillospiraceae__216572;g__Flavonifractor__946234;n__unclassified Flavonifractor__2629267,0.9932209600585292,0.9980683727310892,0.9980634994064956,0.9980685040890684,0.986881570722152,0.9931427505105418,0.9931913989894028,0.9915109662751712
SRR5936079,1965576,species,0.0398,Pseudoflavonifractor sp. An184,n__cellular organisms__131567;sk__Bacteria__2;cl__Terrabacteria group__1783272;p__Bacillota__1239;c__Clostridia__186801;o__Eubacteriales__186802;f__Oscillospiraceae__216572;g__Pseudoflavonifractor__1017280;n__unclassified Pseudoflavonifractor__2628103;s__Pseudoflavonifractor sp. An184__1965576,0.9999914996807472,0.996389300095547,0.996372072590568,0.996394137264546,0.9998925205403324,0.9999778935560192,0.9999828577856386,0.9999218364683256
SRR5936079,2628103,no rank,0.0398,unclassified Pseudoflavonifractor,n__cellular organisms__131567;sk__Bacteria__2;cl__Terrabacteria group__1783272;p__Bacillota__1239;c__Clostridia__186801;o__Eubacteriales__186802;f__Oscillospiraceae__216572;g__Pseudoflavonifractor__1017280;n__unclassified Pseudoflavonifractor__2628103,0.9999914996807472,0.9961852601037088,0.9961680325987298,0.9961900972727076,0.9998925205403324,0.9999778935560192,0.9999828577856386,0.9999218364683256
SRR5936079,1017280,genus,0.0416,Pseudoflavonifractor,n__cellular organisms__131567;sk__Bacteria__2;cl__Terrabacteria group__1783272;p__Bacillota__1239;c__Clostridia__186801;o__Eubacteriales__186802;f__Oscillospiraceae__216572;g__Pseudoflavonifractor__1017280,0.9999551566058432,0.992887680468178,0.9928479382056752,0.9928981695154916,0.9998564980698614,0.9999377200696816,0.9999424429279996,0.9998843885956796
SRR5936079,411467,strain,0.0018,Pseudoflavonifractor capillosus ATCC 29799,n__cellular organisms__131567;sk__Bacteria__2;cl__Terrabacteria group__1783272;p__Bacillota__1239;c__Clostridia__186801;o__Eubacteriales__186802;f__Oscillospiraceae__216572;g__Pseudoflavonifractor__1017280;s__Pseudoflavonifractor capillosus__106588;st__Pseudoflavonifractor capillosus ATCC 29799__411467,0.9923048735799656,1.0,1.0,1.0,0.9758825463207864,0.9904388248457832,0.9906083144014396,0.9843885668127916
SRR5936079,106588,species,0.0018,Pseudoflavonifractor capillosus,n__cellular organisms__131567;sk__Bacteria__2;cl__Terrabacteria group__1783272;p__Bacillota__1239;c__Clostridia__186801;o__Eubacteriales__186802;f__Oscillospiraceae__216572;g__Pseudoflavonifractor__1017280;s__Pseudoflavonifractor capillosus__106588,0.9923048735799656,1.0,1.0,1.0,0.9758825463207864,0.9904388248457832,0.9906083144014396,0.9843885668127916
SRR5936079,1650663,species,0.0192,Fournierella massiliensis,n__cellular organisms__131567;sk__Bacteria__2;cl__Terrabacteria group__1783272;p__Bacillota__1239;c__Clostridia__186801;o__Eubacteriales__186802;f__Oscillospiraceae__216572;g__Fournierella__1940255;s__Fournierella massiliensis__1650663,1.0,0.9999610482325092,0.9999578079823428,0.999961987623644,1.0,1.0,1.0,1.0
SRR5936079,1940255,genus,0.0192,Fournierella,n__cellular organisms__131567;sk__Bacteria__2;cl__Terrabacteria group__1783272;p__Bacillota__1239;c__Clostridia__186801;o__Eubacteriales__186802;f__Oscillospiraceae__216572;g__Fournierella__1940255,1.0,0.9999610482325092,0.9999578079823428,0.999961987623644,1.0,1.0,1.0,1.0
SRR5936079,1965588,species,0.0012,Anaerofilum sp. An201,n__cellular organisms__131567;sk__Bacteria__2;cl__Terrabacteria group__1783272;p__Bacillota__1239;c__Clostridia__186801;o__Eubacteriales__186802;f__Oscillospiraceae__216572;g__Anaerofilum__52784;n__unclassified Anaerofilum__2685180;s__Anaerofilum sp. An201__1965588,0.9986258702820536,1.0,1.0,1.0,0.9972952923232784,0.9984023023364252,0.9984257023176716,0.9977901433890388
SRR5936079,2685180,no rank,0.0012,unclassified Anaerofilum,n__cellular organisms__131567;sk__Bacteria__2;cl__Terrabacteria group__1783272;p__Bacillota__1239;c__Clostridia__186801;o__Eubacteriales__186802;f__Oscillospiraceae__216572;g__Anaerofilum__52784;n__unclassified Anaerofilum__2685180,0.9986258702820536,1.0,1.0,1.0,0.9972952923232784,0.9984023023364252,0.9984257023176716,0.9977901433890388
SRR5936079,52784,genus,0.0012,Anaerofilum,n__cellular organisms__131567;sk__Bacteria__2;cl__Terrabacteria group__1783272;p__Bacillota__1239;c__Clostridia__186801;o__Eubacteriales__186802;f__Oscillospiraceae__216572;g__Anaerofilum__52784,0.9986258702820536,1.0,1.0,1.0,0.9972952923232784,0.9984023023364252,0.9984257023176716,0.9977901433890388
SRR5936079,1871018,species,0.0017,Angelakisella massiliensis,n__cellular organisms__131567;sk__Bacteria__2;cl__Terrabacteria group__1783272;p__Bacillota__1239;c__Clostridia__186801;o__Eubacteriales__186802;f__Oscillospiraceae__216572;g__Angelakisella__1935176;s__Angelakisella massiliensis__1871018,0.9367900329790206,0.9973452151047713,0.9972946050882596,0.9972179518109432,0.87958618093025,0.9268703433320296,0.9273347589841952,0.8958744194776593
SRR5936079,1935176,genus,0.0017,Angelakisella,n__cellular organisms__131567;sk__Bacteria__2;cl__Terrabacteria group__1783272;p__Bacillota__1239;c__Clostridia__186801;o__Eubacteriales__186802;f__Oscillospiraceae__216572;g__Angelakisella__1935176,0.9367900329790206,0.9973452151047713,0.9972946050882596,0.9972179518109432,0.87958618093025,0.9268703433320296,0.9273347589841952,0.8958744194776593
SRR5936079,459786,genus,0.0145999999999998,Oscillibacter,n__cellular organisms__131567;sk__Bacteria__2;cl__Terrabacteria group__1783272;p__Bacillota__1239;c__Clostridia__186801;o__Eubacteriales__186802;f__Oscillospiraceae__216572;g__Oscillibacter__459786,0.9834172820489534,0.9114234749509266,0.911339673637141,0.9113505820830952,0.966860138460351,0.9817729152903152,0.9822960884878086,0.9768377398023544
SRR5936079,2109687,species,0.0046999999999999,Oscillibacter sp. PEA192,n__cellular organisms__131567;sk__Bacteria__2;cl__Terrabacteria group__1783272;p__Bacillota__1239;c__Clostridia__186801;o__Eubacteriales__186802;f__Oscillospiraceae__216572;g__Oscillibacter__459786;n__unclassified Oscillibacter__2629304;s__Oscillibacter sp. PEA192__2109687,0.9567607182117038,0.9705131606504498,0.9700970743201216,0.9691877348542594,0.899363390114112,0.9510404070931536,0.9527970318993524,0.9244268111868776
SRR5936079,2629304,no rank,0.0046999999999999,unclassified Oscillibacter,n__cellular organisms__131567;sk__Bacteria__2;cl__Terrabacteria group__1783272;p__Bacillota__1239;c__Clostridia__186801;o__Eubacteriales__186802;f__Oscillospiraceae__216572;g__Oscillibacter__459786;n__unclassified Oscillibacter__2629304,0.9503481128617596,0.9664447716925078,0.9658635541229424,0.9649182980794896,0.8876406847399867,0.9441030473706488,0.9460673049964382,0.9156124721201008
SRR5936079,1232459,species,0.0131,Oscillospiraceae bacterium VE202-24,n__cellular organisms__131567;sk__Bacteria__2;cl__Terrabacteria group__1783272;p__Bacillota__1239;c__Clostridia__186801;o__Eubacteriales__186802;f__Oscillospiraceae__216572;n__unclassified Oscillospiraceae__473772;s__Oscillospiraceae bacterium VE202-24__1232459,0.98453311635194,0.9396101192562976,0.9392397335356558,0.9392524996424244,0.9678341045485211,0.9828698206719464,0.9836757955117196,0.9739614489454544
SRR5936079,473772,no rank,0.0131,unclassified Oscillospiraceae,n__cellular organisms__131567;sk__Bacteria__2;cl__Terrabacteria group__1783272;p__Bacillota__1239;c__Clostridia__186801;o__Eubacteriales__186802;f__Oscillospiraceae__216572;n__unclassified Oscillospiraceae__473772,0.9521802858188866,0.7648164960383607,0.7637606663675883,0.7572022198744964,0.8881750128135034,0.9445612013832316,0.9474818161574574,0.9170772063582951
SRR5936079,2093857,species,0.0063,Dysosmobacter welbionis,n__cellular organisms__131567;sk__Bacteria__2;cl__Terrabacteria group__1783272;p__Bacillota__1239;c__Clostridia__186801;o__Eubacteriales__186802;f__Oscillospiraceae__216572;g__Dysosmobacter__2591381;s__Dysosmobacter welbionis__2093857,0.9446683766946664,0.9259094417097288,0.9242539568482454,0.9219941759190086,0.8764518350643892,0.9369112894173494,0.939999483986151,0.9030882327083845
SRR5936079,2591381,genus,0.0063,Dysosmobacter,n__cellular organisms__131567;sk__Bacteria__2;cl__Terrabacteria group__1783272;p__Bacillota__1239;c__Clostridia__186801;o__Eubacteriales__186802;f__Oscillospiraceae__216572;g__Dysosmobacter__2591381,0.9446683766946664,0.9259094417097288,0.9242539568482454,0.9219941759190086,0.8764518350643892,0.9369112894173494,0.939999483986151,0.9030882327083845
SRR5936079,301302,species,0.1347,Roseburia faecis,n__cellular organisms__131567;sk__Bacteria__2;cl__Terrabacteria group__1783272;p__Bacillota__1239;c__Clostridia__186801;o__Lachnospirales__3085636;f__Lachnospiraceae__186803;g__Roseburia__841;s__Roseburia faecis__301302,0.9971391747165376,0.5939205781462181,0.5931959308839152,0.5938422508793203,0.9898718724008864,0.9966433089009092,0.996792228064463,0.993335269451106
SRR5936079,841,genus,0.2363999999999999,Roseburia,n__cellular organisms__131567;sk__Bacteria__2;cl__Terrabacteria group__1783272;p__Bacillota__1239;c__Clostridia__186801;o__Lachnospirales__3085636;f__Lachnospiraceae__186803;g__Roseburia__841,0.9924396206916274,0.1842386734597056,0.1835000990770759,0.1834564744174927,0.9681728888842592,0.9940550113886903,0.9918967533844274,0.9813615022756744
SRR5936079,186803,family,0.2979999999999998,Lachnospiraceae,n__cellular organisms__131567;sk__Bacteria__2;cl__Terrabacteria group__1783272;p__Bacillota__1239;c__Clostridia__186801;o__Lachnospirales__3085636;f__Lachnospiraceae__186803,0.891559310911282,0.0315403889801724,0.0315015518575754,0.031257021051999,0.7542926538253889,0.938175171565172,0.9073975094875896,0.8436408480773437
SRR5936079,3085636,order,0.3007999999999998,Lachnospirales,n__cellular organisms__131567;sk__Bacteria__2;cl__Terrabacteria group__1783272;p__Bacillota__1239;c__Clostridia__186801;o__Lachnospirales__3085636,0.8921460852570285,0.0312315756621971,0.0311440634616188,0.0307640331547855,0.753686589628908,0.9376270383602116,0.90783146569402,0.844637932444615
SRR5936079,536231,strain,0.0092,Roseburia intestinalis L1-82,n__cellular organisms__131567;sk__Bacteria__2;cl__Terrabacteria group__1783272;p__Bacillota__1239;c__Clostridia__186801;o__Lachnospirales__3085636;f__Lachnospiraceae__186803;g__Roseburia__841;s__Roseburia intestinalis__166486;st__Roseburia intestinalis L1-82__536231,0.9061927445950014,0.8512672187171677,0.8499475793893142,0.8482855811226866,0.8648154343488983,0.8989460874934476,0.9007191718509396,0.8764819580996966
SRR5936079,166486,species,0.0092,Roseburia intestinalis,n__cellular organisms__131567;sk__Bacteria__2;cl__Terrabacteria group__1783272;p__Bacillota__1239;c__Clostridia__186801;o__Lachnospirales__3085636;f__Lachnospiraceae__186803;g__Roseburia__841;s__Roseburia intestinalis__166486,0.8090875778672758,0.6693066113339162,0.6677371131345594,0.6627750156574779,0.7270096466555354,0.7925413888569974,0.7966683096854156,0.751723917019127
SRR5936079,2293144,species,0.0925,Roseburia sp. TF10-5,n__cellular organisms__131567;sk__Bacteria__2;cl__Terrabacteria group__1783272;p__Bacillota__1239;c__Clostridia__186801;o__Lachnospirales__3085636;f__Lachnospiraceae__186803;g__Roseburia__841;n__unclassified Roseburia__2637578;s__Roseburia sp. TF10-5__2293144,0.9957860021985068,0.6415486564033712,0.6404557932036185,0.6412855356811793,0.9826542283276164,0.994628663048006,0.994948227184342,0.990646692560166
SRR5936079,2637578,no rank,0.0925,unclassified Roseburia,n__cellular organisms__131567;sk__Bacteria__2;cl__Terrabacteria group__1783272;p__Bacillota__1239;c__Clostridia__186801;o__Lachnospirales__3085636;f__Lachnospiraceae__186803;g__Roseburia__841;n__unclassified Roseburia__2637578,0.995602784902794,0.5784851809476579,0.5771764263310944,0.5781719579157137,0.9813173970941248,0.9944246230561676,0.9947441871925036,0.9898713877363404
SRR5936079,1073375,strain,0.0056999999999999,Mediterraneibacter gnavus CC55_001C,n__cellular organisms__131567;sk__Bacteria__2;cl__Terrabacteria group__1783272;p__Bacillota__1239;c__Clostridia__186801;o__Lachnospirales__3085636;f__Lachnospiraceae__186803;g__Mediterraneibacter__2316020;s__Mediterraneibacter gnavus__33038;st__Mediterraneibacter gnavus CC55_001C__1073375,0.9576768046902672,0.9559231402340987,0.9558757781406878,0.9558909668522804,0.943155840243994,0.9551039073224612,0.9555959871605688,0.948700953661186
SRR5936079,33038,species,0.0056999999999999,Mediterraneibacter gnavus,n__cellular organisms__131567;sk__Bacteria__2;cl__Terrabacteria group__1783272;p__Bacillota__1239;c__Clostridia__186801;o__Lachnospirales__3085636;f__Lachnospiraceae__186803;g__Mediterraneibacter__2316020;s__Mediterraneibacter gnavus__33038,0.9444851593989536,0.9415176538253388,0.9414483452271716,0.9414336590511346,0.9201979571796958,0.9404130279100978,0.941269180723742,0.9306433344014232
SRR5936079,2316020,genus,0.0066999999999999,Mediterraneibacter,n__cellular organisms__131567;sk__Bacteria__2;cl__Terrabacteria group__1783272;p__Bacillota__1239;c__Clostridia__186801;o__Lachnospirales__3085636;f__Lachnospiraceae__186803;g__Mediterraneibacter__2316020,0.5137412971784152,0.2754292975401067,0.2710936086104427,0.257047724580475,0.384288628184516,0.4840839393305115,0.4888339784785084,0.4197927256133724
SRR5936079,1298596,strain,0.001,[Ruminococcus] faecis JCM 15917,n__cellular organisms__131567;sk__Bacteria__2;cl__Terrabacteria group__1783272;p__Bacillota__1239;c__Clostridia__186801;o__Lachnospirales__3085636;f__Lachnospiraceae__186803;g__Mediterraneibacter__2316020;s__Mediterraneibacter faecis__592978;st__[Ruminococcus] faecis JCM 15917__1298596,0.6172590692560895,0.8260514651925941,0.8231769200885377,0.82157318544108,0.5500285830040404,0.5831551026141948,0.5848190721748068,0.5606678860395428
SRR5936079,592978,species,0.001,Mediterraneibacter faecis,n__cellular organisms__131567;sk__Bacteria__2;cl__Terrabacteria group__1783272;p__Bacillota__1239;c__Clostridia__186801;o__Lachnospirales__3085636;f__Lachnospiraceae__186803;g__Mediterraneibacter__2316020;s__Mediterraneibacter faecis__592978,0.6172590692560895,0.8260514651925941,0.8231769200885377,0.82157318544108,0.5500285830040404,0.5831551026141948,0.5848190721748068,0.5606678860395428
SRR5936079,2302966,species,0.0056,Lachnospiraceae bacterium TM07-2AC,n__cellular organisms__131567;sk__Bacteria__2;cl__Terrabacteria group__1783272;p__Bacillota__1239;c__Clostridia__186801;o__Lachnospirales__3085636;f__Lachnospiraceae__186803;n__unclassified Lachnospiraceae__186928;s__Lachnospiraceae bacterium TM07-2AC__2302966,0.9375229021618714,0.9348217092280806,0.9347186912567452,0.9346037378694328,0.9051489886579016,0.932662446776339,0.933576004258104,0.9188079843000024
SRR5936079,186928,no rank,0.0098999999999999,unclassified Lachnospiraceae,n__cellular organisms__131567;sk__Bacteria__2;cl__Terrabacteria group__1783272;p__Bacillota__1239;c__Clostridia__186801;o__Lachnospirales__3085636;f__Lachnospiraceae__186803;n__unclassified Lachnospiraceae__186928,0.6088310736533058,0.2971111732754326,0.2952395093529619,0.2801341136939964,0.4644724777033572,0.5742123236589655,0.5792698727851989,0.5115723205855617
SRR5936079,658082,species,0.0043,Lachnospiraceae bacterium 2_1_58FAA,n__cellular organisms__131567;sk__Bacteria__2;cl__Terrabacteria group__1783272;p__Bacillota__1239;c__Clostridia__186801;o__Lachnospirales__3085636;f__Lachnospiraceae__186803;n__unclassified Lachnospiraceae__186928;s__Lachnospiraceae bacterium 2_1_58FAA__658082,0.946683766947506,0.9541901468973276,0.9534716387278198,0.9535292949882574,0.9249757368457656,0.9408241001428508,0.941633342739594,0.9351780350628346
SRR5936079,1965560,species,0.0058,Lachnoclostridium sp. An138,n__cellular organisms__131567;sk__Bacteria__2;cl__Terrabacteria group__1783272;p__Bacillota__1239;c__Clostridia__186801;o__Lachnospirales__3085636;f__Lachnospiraceae__186803;g__Lachnoclostridium__1506553;n__unclassified Lachnoclostridium__2608895;s__Lachnoclostridium sp. An138__1965560,1.0,1.0,1.0,1.0,0.9998626938028368,1.0,1.0,0.9999737326160152
SRR5936079,2608895,no rank,0.0058,unclassified Lachnoclostridium,n__cellular organisms__131567;sk__Bacteria__2;cl__Terrabacteria group__1783272;p__Bacillota__1239;c__Clostridia__186801;o__Lachnospirales__3085636;f__Lachnospiraceae__186803;g__Lachnoclostridium__1506553;n__unclassified Lachnoclostridium__2608895,0.9995323926711536,0.9994905544014058,0.9994884514435932,0.999491085298786,0.9989729671249604,0.9994582261445064,0.9994649734696044,0.9992798718590178
SRR5936079,1506553,genus,0.0076999999999999,Lachnoclostridium,n__cellular organisms__131567;sk__Bacteria__2;cl__Terrabacteria group__1783272;p__Bacillota__1239;c__Clostridia__186801;o__Lachnospirales__3085636;f__Lachnospiraceae__186803;g__Lachnoclostridium__1506553,0.9904727006228372,0.987060028776089,0.987053828192394,0.9870598996030472,0.9827711133340598,0.9872617436002872,0.9873366975971896,0.9864898393107752
SRR5936079,1917870,species,0.0009,Lachnoclostridium pacaense,n__cellular organisms__131567;sk__Bacteria__2;cl__Terrabacteria group__1783272;p__Bacillota__1239;c__Clostridia__186801;o__Lachnospirales__3085636;f__Lachnospiraceae__186803;g__Lachnoclostridium__1506553;s__Lachnoclostridium pacaense__1917870,0.9948699157199432,1.0,1.0,1.0,0.9879704585388368,0.9940434263747452,0.9941616345973846,0.9902893237848508
SRR5936079,1871021,species,0.001,Lachnoclostridium phocaeense,n__cellular organisms__131567;sk__Bacteria__2;cl__Terrabacteria group__1783272;p__Bacillota__1239;c__Clostridia__186801;o__Lachnospirales__3085636;f__Lachnospiraceae__186803;g__Lachnoclostridium__1506553;s__Lachnoclostridium phocaeense__1871021,0.9963531033519032,0.999429984016852,0.9994279862968364,0.999429610006216,0.9903973096817816,0.995796807668592,0.9958379048066922,0.9921576282482562
SRR5936079,1965636,species,0.0021,Blautia sp. An46,n__cellular organisms__131567;sk__Bacteria__2;cl__Terrabacteria group__1783272;p__Bacillota__1239;c__Clostridia__186801;o__Lachnospirales__3085636;f__Lachnospiraceae__186803;g__Blautia__572511;n__unclassified Blautia__2648079;s__Blautia sp. An46__1965636,0.999757027198037,0.999995732294768,0.999993926423596,0.9999962459257082,0.9996682557608776,0.9997202323261204,0.9997232546347812,0.9996861038037486
SRR5936079,2648079,no rank,0.0021,unclassified Blautia,n__cellular organisms__131567;sk__Bacteria__2;cl__Terrabacteria group__1783272;p__Bacillota__1239;c__Clostridia__186801;o__Lachnospirales__3085636;f__Lachnospiraceae__186803;g__Blautia__572511;n__unclassified Blautia__2648079,0.5432392817881628,0.6082242328884033,0.6054717820157117,0.5912827251062879,0.4336790790728018,0.5024147981006626,0.5090401207312159,0.4569126059367874
SRR5936079,572511,genus,0.0031,Blautia,n__cellular organisms__131567;sk__Bacteria__2;cl__Terrabacteria group__1783272;p__Bacillota__1239;c__Clostridia__186801;o__Lachnospirales__3085636;f__Lachnospiraceae__186803;g__Blautia__572511,0.273176987907658,0.1660754949356941,0.1548879344109063,0.1477914146181373,0.2084169131194451,0.2403312206194847,0.2419591016318296,0.2143816902986728
SRR5936079,1121115,strain,0.001,Blautia wexlerae DSM 19850,n__cellular organisms__131567;sk__Bacteria__2;cl__Terrabacteria group__1783272;p__Bacillota__1239;c__Clostridia__186801;o__Lachnospirales__3085636;f__Lachnospiraceae__186803;g__Blautia__572511;s__Blautia wexlerae__418240;st__Blautia wexlerae DSM 19850__1121115,0.3444485159398943,0.4339730156123457,0.4281091951204176,0.4190135203108085,0.2735808787913181,0.3020988910406378,0.3029438087057359,0.283199071643452
SRR5936079,418240,species,0.001,Blautia wexlerae,n__cellular organisms__131567;sk__Bacteria__2;cl__Terrabacteria group__1783272;p__Bacillota__1239;c__Clostridia__186801;o__Lachnospirales__3085636;f__Lachnospiraceae__186803;g__Blautia__572511;s__Blautia wexlerae__418240,0.3327226090142822,0.4083950652988246,0.4061335268166698,0.3985459837943901,0.260252270120803,0.2892443715548199,0.290089289219918,0.2701541305469717
SRR5936079,189330,genus,0.0129999999999999,Dorea,n__cellular organisms__131567;sk__Bacteria__2;cl__Terrabacteria group__1783272;p__Bacillota__1239;c__Clostridia__186801;o__Lachnospirales__3085636;f__Lachnospiraceae__186803;g__Dorea__189330,0.8144040383618354,0.5361190010572804,0.530864702410985,0.5179716644545067,0.7035678474430455,0.7997180355517787,0.8029025781183088,0.7431617985125845
SRR5936079,1280698,strain,0.0113999999999999,Dorea longicatena AGR2136,n__cellular organisms__131567;sk__Bacteria__2;cl__Terrabacteria group__1783272;p__Bacillota__1239;c__Clostridia__186801;o__Lachnospirales__3085636;f__Lachnospiraceae__186803;g__Dorea__189330;s__Dorea longicatena__88431;st__Dorea longicatena AGR2136__1280698,0.9890069622571372,0.9508755278401684,0.9499402851441404,0.949912118360186,0.9690937219963592,0.988532168620142,0.988734120305378,0.9796941794891848
SRR5936079,88431,species,0.0113999999999999,Dorea longicatena,n__cellular organisms__131567;sk__Bacteria__2;cl__Terrabacteria group__1783272;p__Bacillota__1239;c__Clostridia__186801;o__Lachnospirales__3085636;f__Lachnospiraceae__186803;g__Dorea__189330;s__Dorea longicatena__88431,0.8836570172223406,0.7191695208084601,0.7182170433874472,0.7129353304222444,0.8033350980829268,0.8754839600840056,0.8783258625511378,0.8375098886929465
SRR5936079,1121323,strain,0.0028,Anaerotignum lactatifermentans DSM 14214,n__cellular organisms__131567;sk__Bacteria__2;cl__Terrabacteria group__1783272;p__Bacillota__1239;c__Clostridia__186801;o__Lachnospirales__3085636;f__Anaerotignaceae__3118652;g__Anaerotignum__2039240;s__Anaerotignum lactatifermentans__160404;st__Anaerotignum lactatifermentans DSM 14214__1121323,0.9853426163428834,0.9975513854483622,0.9975197985281864,0.997524423063681,0.9691391547724444,0.9865369181252158,0.987183374525231,0.979833747514512
SRR5936079,160404,species,0.0028,Anaerotignum lactatifermentans,n__cellular organisms__131567;sk__Bacteria__2;cl__Terrabacteria group__1783272;p__Bacillota__1239;c__Clostridia__186801;o__Lachnospirales__3085636;f__Anaerotignaceae__3118652;g__Anaerotignum__2039240;s__Anaerotignum lactatifermentans__160404,0.9853426163428834,0.9975513854483622,0.9975197985281864,0.997524423063681,0.9691391547724444,0.9865369181252158,0.987183374525231,0.979833747514512
SRR5936079,2039240,genus,0.0028,Anaerotignum,n__cellular organisms__131567;sk__Bacteria__2;cl__Terrabacteria group__1783272;p__Bacillota__1239;c__Clostridia__186801;o__Lachnospirales__3085636;f__Anaerotignaceae__3118652;g__Anaerotignum__2039240,0.7900329791131561,0.8994032204805075,0.8957973028783663,0.8905297509062502,0.6793244077672189,0.7688735808191347,0.7747126667515809,0.7214885395939541
SRR5936079,3118652,family,0.0028,Anaerotignaceae,n__cellular organisms__131567;sk__Bacteria__2;cl__Terrabacteria group__1783272;p__Bacillota__1239;c__Clostridia__186801;o__Lachnospirales__3085636;f__Anaerotignaceae__3118652,0.7900329791131561,0.8994032204805075,0.8957973028783663,0.8905297509062502,0.6793244077672189,0.7688735808191347,0.7747126667515809,0.7214885395939541
SRR5936079,1653435,species,0.0013,Merdimonas faecis,n__cellular organisms__131567;sk__Bacteria__2;cl__Terrabacteria group__1783272;p__Bacillota__1239;c__Clostridia__186801;o__Lachnospirales__3085636;f__Lachnospiraceae__186803;g__Merdimonas__2023266;s__Merdimonas faecis__1653435,0.98442652986432,0.9978707463294044,0.997862597944751,0.9978703304102868,0.9773964438633266,0.982333829083032,0.98242512778942,0.9805599985339468
SRR5936079,2023266,genus,0.0013,Merdimonas,n__cellular organisms__131567;sk__Bacteria__2;cl__Terrabacteria group__1783272;p__Bacillota__1239;c__Clostridia__186801;o__Lachnospirales__3085636;f__Lachnospiraceae__186803;g__Merdimonas__2023266,0.98442652986432,0.9978707463294044,0.997862597944751,0.9978703304102868,0.9773964438633266,0.982333829083032,0.98242512778942,0.9805599985339468
SRR5936079,717608,strain,0.0015,[Clostridium] cf. saccharolyticum K10,n__cellular organisms__131567;sk__Bacteria__2;cl__Terrabacteria group__1783272;p__Bacillota__1239;c__Clostridia__186801;o__Lachnospirales__3085636;f__Lachnospiraceae__186803;g__Lacrimispora__2719231;s__Lacrimispora saccharolytica__84030;st__[Clostridium] cf. saccharolyticum K10__717608,0.9895566141442752,0.9962703692373522,0.9962265533380684,0.9962406580356058,0.9717392195845452,0.987153634116528,0.987484648523532,0.9816678712235944
SRR5936079,84030,species,0.0015,Lacrimispora saccharolytica,n__cellular organisms__131567;sk__Bacteria__2;cl__Terrabacteria group__1783272;p__Bacillota__1239;c__Clostridia__186801;o__Lachnospirales__3085636;f__Lachnospiraceae__186803;g__Lacrimispora__2719231;s__Lacrimispora saccharolytica__84030,0.9895566141442752,0.9962703692373522,0.9962265533380684,0.9962406580356058,0.9717392195845452,0.987153634116528,0.987484648523532,0.9816678712235944
SRR5936079,2719231,genus,0.0015,Lacrimispora,n__cellular organisms__131567;sk__Bacteria__2;cl__Terrabacteria group__1783272;p__Bacillota__1239;c__Clostridia__186801;o__Lachnospirales__3085636;f__Lachnospiraceae__186803;g__Lacrimispora__2719231,0.9895566141442752,0.9962703692373522,0.9962265533380684,0.9962406580356058,0.9717392195845452,0.987153634116528,0.987484648523532,0.9816678712235944
SRR5936079,358742,species,0.0184,Enterocloster aldenensis,n__cellular organisms__131567;sk__Bacteria__2;cl__Terrabacteria group__1783272;p__Bacillota__1239;c__Clostridia__186801;o__Lachnospirales__3085636;f__Lachnospiraceae__186803;g__Enterocloster__2719313;s__Enterocloster aldenensis__358742,1.0,0.9948372273834,0.9947990466340998,0.9948469090363758,0.9990889953993032,1.0,1.0,0.9997642162168348
SRR5936079,2719313,genus,0.0184,Enterocloster,n__cellular organisms__131567;sk__Bacteria__2;cl__Terrabacteria group__1783272;p__Bacillota__1239;c__Clostridia__186801;o__Lachnospirales__3085636;f__Lachnospiraceae__186803;g__Enterocloster__2719313,0.990774470286366,0.9614942396160236,0.9614340532482688,0.9614859670350062,0.9905354118055076,0.9944879026455477,0.9948742607334684,0.9924743366828008
SRR5936079,1096246,species,0.0295,Hungatella effluvii,n__cellular organisms__131567;sk__Bacteria__2;cl__Terrabacteria group__1783272;p__Bacillota__1239;c__Clostridia__186801;o__Eubacteriales__186802;f__Clostridiaceae__31979;g__Hungatella__1649459;s__Hungatella effluvii__1096246,1.0,0.9959880186828702,0.995982039157468,0.995989486790008,0.9994670246560774,1.0,1.0,0.9995513911485034
SRR5936079,1649459,genus,0.0319,Hungatella,n__cellular organisms__131567;sk__Bacteria__2;cl__Terrabacteria group__1783272;p__Bacillota__1239;c__Clostridia__186801;o__Eubacteriales__186802;f__Clostridiaceae__31979;g__Hungatella__1649459,0.9994851362068832,0.9906642448088356,0.990645366382321,0.9906687297677004,0.9988528271237296,0.9993863047397602,0.999400539585118,0.9989226569028824
SRR5936079,31979,family,0.0356,Clostridiaceae,n__cellular organisms__131567;sk__Bacteria__2;cl__Terrabacteria group__1783272;p__Bacillota__1239;c__Clostridia__186801;o__Eubacteriales__186802;f__Clostridiaceae__31979,0.9934866333829154,0.8588817044867465,0.8526492929128379,0.8301402130699815,0.8693951468679628,0.7669045313326203,0.7712629825963487,0.6819714805352177
SRR5936079,566550,strain,0.0024,Hungatella hathewayi DSM 13479,n__cellular organisms__131567;sk__Bacteria__2;cl__Terrabacteria group__1783272;p__Bacillota__1239;c__Clostridia__186801;o__Eubacteriales__186802;f__Clostridiaceae__31979;g__Hungatella__1649459;s__Hungatella hathewayi__154046;st__Hungatella hathewayi DSM 13479__566550,0.9907022487289616,0.9962477763941076,0.9962159851988186,0.9962456188014058,0.9851955275804698,0.989727923293943,0.9897824677585494,0.9875756403839324
SRR5936079,154046,species,0.0024,Hungatella hathewayi,n__cellular organisms__131567;sk__Bacteria__2;cl__Terrabacteria group__1783272;p__Bacillota__1239;c__Clostridia__186801;o__Eubacteriales__186802;f__Clostridiaceae__31979;g__Hungatella__1649459;s__Hungatella hathewayi__154046,0.9907022487289616,0.9962477763941076,0.9962159851988186,0.9962456188014058,0.9851955275804698,0.989727923293943,0.9897824677585494,0.9875756403839324
SRR5936079,1203606,strain,0.0069999999999999,Butyricicoccus pullicaecorum 1.2,n__cellular organisms__131567;sk__Bacteria__2;cl__Terrabacteria group__1783272;p__Bacillota__1239;c__Clostridia__186801;o__Eubacteriales__186802;f__Butyricicoccaceae__3085642;g__Butyricicoccus__580596;s__Butyricicoccus pullicaecorum__501571;st__Butyricicoccus pullicaecorum 1.2__1203606,1.0,1.0,1.0,1.0,1.0,1.0,1.0,1.0
SRR5936079,501571,species,0.0069999999999999,Butyricicoccus pullicaecorum,n__cellular organisms__131567;sk__Bacteria__2;cl__Terrabacteria group__1783272;p__Bacillota__1239;c__Clostridia__186801;o__Eubacteriales__186802;f__Butyricicoccaceae__3085642;g__Butyricicoccus__580596;s__Butyricicoccus pullicaecorum__501571,1.0,1.0,1.0,1.0,1.0,1.0,1.0,1.0
SRR5936079,580596,genus,0.0069999999999999,Butyricicoccus,n__cellular organisms__131567;sk__Bacteria__2;cl__Terrabacteria group__1783272;p__Bacillota__1239;c__Clostridia__186801;o__Eubacteriales__186802;f__Butyricicoccaceae__3085642;g__Butyricicoccus__580596,1.0,1.0,1.0,1.0,1.0,1.0,1.0,1.0
SRR5936079,3085642,family,0.0069999999999999,Butyricicoccaceae,n__cellular organisms__131567;sk__Bacteria__2;cl__Terrabacteria group__1783272;p__Bacillota__1239;c__Clostridia__186801;o__Eubacteriales__186802;f__Butyricicoccaceae__3085642,0.8812751923780756,0.7993617139068189,0.7946913694159593,0.7835612649570802,0.760318196565822,0.8680548184260547,0.8713102080249985,0.8104429645024229
SRR5936079,1530,species,0.0023,Clostridium carnis,n__cellular organisms__131567;sk__Bacteria__2;cl__Terrabacteria group__1783272;p__Bacillota__1239;c__Clostridia__186801;o__Eubacteriales__186802;f__Clostridiaceae__31979;g__Clostridium__1485;s__Clostridium carnis__1530,0.9995812176096982,1.0,1.0,1.0,0.9991307214552116,0.9995018442597808,0.9995123955632944,0.9993014682416724
SRR5936079,1485,genus,0.0036999999999999,Clostridium,n__cellular organisms__131567;sk__Bacteria__2;cl__Terrabacteria group__1783272;p__Bacillota__1239;c__Clostridia__186801;o__Eubacteriales__186802;f__Clostridiaceae__31979;g__Clostridium__1485,0.8219127885671615,0.8899348209956712,0.886387585217644,0.8692588131002196,0.8196017434855577,0.8001931708150762,0.8037500635191099,0.711895319411654
SRR5936079,665940,species,0.0013,Clostridium sp. 7_3_54FAA,n__cellular organisms__131567;sk__Bacteria__2;cl__Terrabacteria group__1783272;p__Bacillota__1239;c__Clostridia__186801;o__Eubacteriales__186802;f__Clostridiaceae__31979;g__Clostridium__1485;n__unclassified Clostridium__2614128;s__Clostridium sp. 7_3_54FAA__665940,0.9741663613044094,0.9924894340430064,0.9924829987154116,0.9924837045256256,0.9533997138375584,0.9693379965404232,0.9695766007868392,0.9604276449184228
SRR5936079,2614128,no rank,0.0013,unclassified Clostridium,n__cellular organisms__131567;sk__Bacteria__2;cl__Terrabacteria group__1783272;p__Bacillota__1239;c__Clostridia__186801;o__Eubacteriales__186802;f__Clostridiaceae__31979;g__Clostridium__1485;n__unclassified Clostridium__2614128,0.6735067790398853,0.9367925474073532,0.9344218385762856,0.9262440877877762,0.5412319229362914,0.6388745768775008,0.642042107624379,0.5755153544358805
SRR5936079,1280689,strain,0.0001,Clostridium paraputrificum AGR2156,n__cellular organisms__131567;sk__Bacteria__2;cl__Terrabacteria group__1783272;p__Bacillota__1239;c__Clostridia__186801;o__Eubacteriales__186802;f__Clostridiaceae__31979;g__Clostridium__1485;s__Clostridium paraputrificum__29363;st__Clostridium paraputrificum AGR2156__1280689,0.9866251374128724,0.9993841416805156,0.9993802328429948,0.9993832325920056,0.9803433655122754,0.9809073626750274,0.9809501049687078,0.9808588745526432
SRR5936079,29363,species,0.0001,Clostridium paraputrificum,n__cellular organisms__131567;sk__Bacteria__2;cl__Terrabacteria group__1783272;p__Bacillota__1239;c__Clostridia__186801;o__Eubacteriales__186802;f__Clostridiaceae__31979;g__Clostridium__1485;s__Clostridium paraputrificum__29363,0.9866251374128724,0.9993841416805156,0.9993802328429948,0.9993832325920056,0.9803433655122754,0.9809073626750274,0.9809501049687078,0.9808588745526432
SRR5936079,1965628,species,0.0018,Eubacterium sp. An3,n__cellular organisms__131567;sk__Bacteria__2;cl__Terrabacteria group__1783272;p__Bacillota__1239;c__Clostridia__186801;o__Eubacteriales__186802;f__Eubacteriaceae__186806;g__Eubacterium__1730;n__unclassified Eubacterium__2624479;s__Eubacterium sp. An3__1965628,0.9980546367859476,1.0,1.0,1.0,0.9979898359210524,0.9980304500700274,0.9980328116822968,0.9980037822653074
SRR5936079,2624479,no rank,0.0018,unclassified Eubacterium,n__cellular organisms__131567;sk__Bacteria__2;cl__Terrabacteria group__1783272;p__Bacillota__1239;c__Clostridia__186801;o__Eubacteriales__186802;f__Eubacteriaceae__186806;g__Eubacterium__1730;n__unclassified Eubacterium__2624479,0.4294613411505824,0.4677207715985094,0.4632397689025927,0.4524706108987538,0.3422684634482223,0.3952997727859795,0.3967794771938918,0.3627635806228856
SRR5936079,1730,genus,0.0018,Eubacterium,n__cellular organisms__131567;sk__Bacteria__2;cl__Terrabacteria group__1783272;p__Bacillota__1239;c__Clostridia__186801;o__Eubacteriales__186802;f__Eubacteriaceae__186806;g__Eubacterium__1730,0.270795163063393,0.2113387690032007,0.2035751450045193,0.2002399146896921,0.1931778703903705,0.3448439599378648,0.2356354015182605,0.2053292992316605
SRR5936079,186806,family,0.0018,Eubacteriaceae,n__cellular organisms__131567;sk__Bacteria__2;cl__Terrabacteria group__1783272;p__Bacillota__1239;c__Clostridia__186801;o__Eubacteriales__186802;f__Eubacteriaceae__186806,0.270795163063393,0.2112891008864455,0.2035751450045193,0.2002371559200779,0.1928568448588148,0.344435879954188,0.2356354015182605,0.2053292992316605
SRR5936079,1776391,species,0.0001,Romboutsia timonensis,n__cellular organisms__131567;sk__Bacteria__2;cl__Terrabacteria group__1783272;p__Bacillota__1239;c__Clostridia__186801;o__Peptostreptococcales__3082720;f__Peptostreptococcaceae__186804;g__Romboutsia__1501226;s__Romboutsia timonensis__1776391,0.739831440087879,0.993600484864092,0.9925450776423144,0.9924503948256216,0.6264053415524323,0.6490621962840423,0.650537515081084,0.6356737786411731
SRR5936079,1501226,genus,0.0001,Romboutsia,n__cellular organisms__131567;sk__Bacteria__2;cl__Terrabacteria group__1783272;p__Bacillota__1239;c__Clostridia__186801;o__Peptostreptococcales__3082720;f__Peptostreptococcaceae__186804;g__Romboutsia__1501226,0.7328691828507968,0.9932578370048232,0.9921250261997404,0.9919088188410023,0.6198804651665527,0.6429409965288909,0.6442122753340943,0.6296476718284523
SRR5936079,186804,family,0.0029999999999999,Peptostreptococcaceae,n__cellular organisms__131567;sk__Bacteria__2;cl__Terrabacteria group__1783272;p__Bacillota__1239;c__Clostridia__186801;o__Peptostreptococcales__3082720;f__Peptostreptococcaceae__186804,0.962806888970222,0.9865985634815496,0.986535963076184,0.9864801951492088,0.943788133427972,0.9580528970348708,0.9587985137275038,0.9442738812065375
SRR5936079,3082720,order,0.0029999999999999,Peptostreptococcales,n__cellular organisms__131567;sk__Bacteria__2;cl__Terrabacteria group__1783272;p__Bacillota__1239;c__Clostridia__186801;o__Peptostreptococcales__3082720,0.9582264565774048,0.984299163609899,0.984114246082141,0.9840709822533672,0.9341805298298216,0.9531570464029164,0.9539138072724246,0.9359128089017572
SRR5936079,445973,strain,0.0029,Intestinibacter bartlettii DSM 16795,n__cellular organisms__131567;sk__Bacteria__2;cl__Terrabacteria group__1783272;p__Bacillota__1239;c__Clostridia__186801;o__Peptostreptococcales__3082720;f__Peptostreptococcaceae__186804;g__Intestinibacter__1505657;s__Intestinibacter bartlettii__261299;st__Intestinibacter bartlettii DSM 16795__445973,0.985525833638596,0.9949021592065168,0.994863001600596,0.9948822956773744,0.970672575684458,0.983200747595678,0.983354438653709,0.9774297802057584
SRR5936079,261299,species,0.0029,Intestinibacter bartlettii,n__cellular organisms__131567;sk__Bacteria__2;cl__Terrabacteria group__1783272;p__Bacillota__1239;c__Clostridia__186801;o__Peptostreptococcales__3082720;f__Peptostreptococcaceae__186804;g__Intestinibacter__1505657;s__Intestinibacter bartlettii__261299,0.9840600952728946,0.994280360348122,0.9942368294400358,0.99425295026227,0.9675516347441976,0.981392238653049,0.981722118719002,0.9752261954390642
SRR5936079,1505657,genus,0.0029,Intestinibacter,n__cellular organisms__131567;sk__Bacteria__2;cl__Terrabacteria group__1783272;p__Bacillota__1239;c__Clostridia__186801;o__Peptostreptococcales__3082720;f__Peptostreptococcaceae__186804;g__Intestinibacter__1505657,0.9840600952728946,0.994280360348122,0.9942368294400358,0.99425295026227,0.9675516347441976,0.981392238653049,0.981722118719002,0.9752261954390642
SRR5936079,2015901,species,0.0063,Massilicoli timonensis,n__cellular organisms__131567;sk__Bacteria__2;cl__Terrabacteria group__1783272;p__Bacillota__1239;c__Erysipelotrichia__526524;o__Erysipelotrichales__526525;f__Erysipelotrichaceae__128827;g__Massilicoli__2683202;s__Massilicoli timonensis__2015901,0.998237672310198,0.9977265956069004,0.9977163263764364,0.9977284559767652,0.9966200240949292,0.9977441911533346,0.9979785028053196,0.9972485092253084
SRR5936079,2683202,genus,0.0063,Massilicoli,n__cellular organisms__131567;sk__Bacteria__2;cl__Terrabacteria group__1783272;p__Bacillota__1239;c__Erysipelotrichia__526524;o__Erysipelotrichales__526525;f__Erysipelotrichaceae__128827;g__Massilicoli__2683202,0.998237672310198,0.9977265956069004,0.9977163263764364,0.9977284559767652,0.9966200240949292,0.9977441911533346,0.9979785028053196,0.9972485092253084
SRR5936079,128827,family,0.0187,Erysipelotrichaceae,n__cellular organisms__131567;sk__Bacteria__2;cl__Terrabacteria group__1783272;p__Bacillota__1239;c__Erysipelotrichia__526524;o__Erysipelotrichales__526525;f__Erysipelotrichaceae__128827,0.9841390307876484,0.8912036595733837,0.8905014250951404,0.8905868725430661,0.969690138556303,0.9838084475590272,0.9841909471879712,0.9771062663404508
SRR5936079,526525,order,0.0282,Erysipelotrichales,n__cellular organisms__131567;sk__Bacteria__2;cl__Terrabacteria group__1783272;p__Bacillota__1239;c__Erysipelotrichia__526524;o__Erysipelotrichales__526525,0.9733948679348948,0.7854507528936774,0.7839241450287494,0.7837156194049216,0.9511293175730592,0.9705986194309218,0.9713032291405086,0.9612742946484136
SRR5936079,526524,class,0.0282,Erysipelotrichia,n__cellular organisms__131567;sk__Bacteria__2;cl__Terrabacteria group__1783272;p__Bacillota__1239;c__Erysipelotrichia__526524,0.9733948679348948,0.7854507528936774,0.7839241450287494,0.7837156194049216,0.9511293175730592,0.9705986194309218,0.9713032291405086,0.9612742946484136
SRR5936079,1776392,species,0.0006,Massilimicrobiota timonensis,n__cellular organisms__131567;sk__Bacteria__2;cl__Terrabacteria group__1783272;p__Bacillota__1239;c__Erysipelotrichia__526524;o__Erysipelotrichales__526525;f__Erysipelotrichaceae__128827;g__Massilimicrobiota__1924110;s__Massilimicrobiota timonensis__1776392,0.992671308171391,0.9990956965128468,0.9990727999816312,0.999096061164101,0.9885790980186544,0.9916800377750083,0.9917702703883958,0.9893193055891758
SRR5936079,1924110,genus,0.0006,Massilimicrobiota,n__cellular organisms__131567;sk__Bacteria__2;cl__Terrabacteria group__1783272;p__Bacillota__1239;c__Erysipelotrichia__526524;o__Erysipelotrichales__526525;f__Erysipelotrichaceae__128827;g__Massilimicrobiota__1924110,0.992671308171391,0.9990956965128468,0.9990727999816312,0.999096061164101,0.9885790980186544,0.9916800377750083,0.9917702703883958,0.9893193055891758
SRR5936079,469614,species,0.0079,Erysipelotrichaceae bacterium 6_1_45,n__cellular organisms__131567;sk__Bacteria__2;cl__Terrabacteria group__1783272;p__Bacillota__1239;c__Erysipelotrichia__526524;o__Erysipelotrichales__526525;f__Erysipelotrichaceae__128827;n__unclassified Erysipelotrichaceae__544447;s__Erysipelotrichaceae bacterium 6_1_45__469614,0.992953180934026,0.9913722347122782,0.9913431535889162,0.9913749663084354,0.9899517066766814,0.9924371743897242,0.992527646391942,0.9916449222235982
SRR5936079,544447,no rank,0.0118,unclassified Erysipelotrichaceae,n__cellular organisms__131567;sk__Bacteria__2;cl__Terrabacteria group__1783272;p__Bacillota__1239;c__Erysipelotrichia__526524;o__Erysipelotrichales__526525;f__Erysipelotrichaceae__128827;n__unclassified Erysipelotrichaceae__544447,0.9930377427628164,0.987268685212957,0.9872370829259464,0.9872744062094636,0.990903412430823,0.9922839383483588,0.9924569548641476,0.9918048334835348
SRR5936079,658657,species,0.0039,Erysipelotrichaceae bacterium 21_3,n__cellular organisms__131567;sk__Bacteria__2;cl__Terrabacteria group__1783272;p__Bacillota__1239;c__Erysipelotrichia__526524;o__Erysipelotrichales__526525;f__Erysipelotrichaceae__128827;n__unclassified Erysipelotrichaceae__544447;s__Erysipelotrichaceae bacterium 21_3__658657,0.9936790032978108,0.993779496692736,0.993773434587362,0.993779995837047,0.9909019210492924,0.9925966545641176,0.9926429272945334,0.9914123931970203
SRR5936079,999413,strain,0.0032,[Clostridium] innocuum 2959,n__cellular organisms__131567;sk__Bacteria__2;cl__Terrabacteria group__1783272;p__Bacillota__1239;c__Erysipelotrichia__526524;o__Erysipelotrichales__526525;f__Coprobacillaceae__2810280;g__Thomasclavelia__3025755;s__[Clostridium] innocuum__1522;st__[Clostridium] innocuum 2959__999413,0.9905052345351616,0.9919315348233536,0.9919253539622098,0.9919320001458832,0.986787114021331,0.9899038870472028,0.9899409112268256,0.9887219575263704
SRR5936079,1522,species,0.0032,[Clostridium] innocuum,n__cellular organisms__131567;sk__Bacteria__2;cl__Terrabacteria group__1783272;p__Bacillota__1239;c__Erysipelotrichia__526524;o__Erysipelotrichales__526525;f__Coprobacillaceae__2810280;g__Thomasclavelia__3025755;s__[Clostridium] innocuum__1522,0.9886730615780348,0.9905203978278154,0.9905129460480468,0.9905209593522556,0.984790241329008,0.9880675271206574,0.98810455130028,0.9868855975998247
SRR5936079,3025755,genus,0.0095,Thomasclavelia,n__cellular organisms__131567;sk__Bacteria__2;cl__Terrabacteria group__1783272;p__Bacillota__1239;c__Erysipelotrichia__526524;o__Erysipelotrichales__526525;f__Coprobacillaceae__2810280;g__Thomasclavelia__3025755,0.9885670213255158,0.9888701825926546,0.9888343190387516,0.9888579794442244,0.981033945949494,0.9889853844033109,0.9892061748900332,0.984615017530478
SRR5936079,2810280,family,0.0095,Coprobacillaceae,n__cellular organisms__131567;sk__Bacteria__2;cl__Terrabacteria group__1783272;p__Bacillota__1239;c__Erysipelotrichia__526524;o__Erysipelotrichales__526525;f__Coprobacillaceae__2810280,0.9518138512274612,0.9173833208354902,0.9168553665230752,0.916803402075132,0.9004258643238351,0.9239585746979868,0.9246725077495096,0.9107079373705214
SRR5936079,428126,strain,0.0008,Thomasclavelia spiroformis DSM 1552,n__cellular organisms__131567;sk__Bacteria__2;cl__Terrabacteria group__1783272;p__Bacillota__1239;c__Erysipelotrichia__526524;o__Erysipelotrichales__526525;f__Coprobacillaceae__2810280;g__Thomasclavelia__3025755;s__Thomasclavelia spiroformis__29348;st__Thomasclavelia spiroformis DSM 1552__428126,0.9882493339802714,0.9995290511013012,0.9995186035598894,0.9995255171458748,0.9785799520283048,0.9874463813942564,0.9875843633837176,0.9840757517485884
SRR5936079,29348,species,0.0008,Thomasclavelia spiroformis,n__cellular organisms__131567;sk__Bacteria__2;cl__Terrabacteria group__1783272;p__Bacillota__1239;c__Erysipelotrichia__526524;o__Erysipelotrichales__526525;f__Coprobacillaceae__2810280;g__Thomasclavelia__3025755;s__Thomasclavelia spiroformis__29348,0.9882493339802714,0.9995290511013012,0.9995186035598894,0.9995255171458748,0.9785799520283048,0.9874463813942564,0.9875843633837176,0.9840757517485884
SRR5936079,1965571,species,0.0055,Erysipelatoclostridium sp. An173,n__cellular organisms__131567;sk__Bacteria__2;cl__Terrabacteria group__1783272;p__Bacillota__1239;c__Erysipelotrichia__526524;o__Erysipelotrichales__526525;f__Coprobacillaceae__2810280;g__Thomasclavelia__3025755;n__unclassified Thomasclavelia__3025756;s__Erysipelatoclostridium sp. An173__1965571,0.999973741909984,0.9999874756906088,0.9999864427172231,0.9999877692639502,0.999906990639929,0.9999610702781304,0.99996421487528,0.9999255608493408
SRR5936079,3025756,no rank,0.0055,unclassified Thomasclavelia,n__cellular organisms__131567;sk__Bacteria__2;cl__Terrabacteria group__1783272;p__Bacillota__1239;c__Erysipelotrichia__526524;o__Erysipelotrichales__526525;f__Coprobacillaceae__2810280;g__Thomasclavelia__3025755;n__unclassified Thomasclavelia__3025756,0.9999687494105406,0.999985130678722,0.9999839042238732,0.9999854779307508,0.999889587715406,0.9999537861616704,0.9999575191424712,0.9999116325853552
SRR5936079,1403949,strain,0.0731,Veillonella dispar DORA_11,n__cellular organisms__131567;sk__Bacteria__2;cl__Terrabacteria group__1783272;p__Bacillota__1239;c__Negativicutes__909932;o__Veillonellales__1843489;f__Veillonellaceae__31977;g__Veillonella__29465;s__Veillonella dispar__39778;st__Veillonella dispar DORA_11__1403949,0.9998791973873408,0.9833784279799844,0.9833672775464912,0.9833811613299852,0.9993787323108116,0.9998393607612348,0.9998480285407412,0.9995644120949256
SRR5936079,39778,species,0.0731,Veillonella dispar,n__cellular organisms__131567;sk__Bacteria__2;cl__Terrabacteria group__1783272;p__Bacillota__1239;c__Negativicutes__909932;o__Veillonellales__1843489;f__Veillonellaceae__31977;g__Veillonella__29465;s__Veillonella dispar__39778,0.9998791973873408,0.9784601967827984,0.978347449843046,0.9785139919773452,0.999215728527054,0.9998393607612348,0.9998480285407412,0.9993739904842632
SRR5936079,29465,genus,0.2481,Veillonella,n__cellular organisms__131567;sk__Bacteria__2;cl__Terrabacteria group__1783272;p__Bacillota__1239;c__Negativicutes__909932;o__Veillonellales__1843489;f__Veillonellaceae__31977;g__Veillonella__29465,0.9984918088461662,0.912023290234106,0.9119184757313344,0.9120188462636356,0.994076616831298,0.9985743148802394,0.998590935062586,0.9973988317128664
SRR5936079,31977,family,0.2481,Veillonellaceae,n__cellular organisms__131567;sk__Bacteria__2;cl__Terrabacteria group__1783272;p__Bacillota__1239;c__Negativicutes__909932;o__Veillonellales__1843489;f__Veillonellaceae__31977,0.9958621078444182,0.5489864156168311,0.5488754938814446,0.5489465842572925,0.9895280732156724,0.9959865857716048,0.996192296219602,0.992561096744572
SRR5936079,1843489,order,0.2481,Veillonellales,n__cellular organisms__131567;sk__Bacteria__2;cl__Terrabacteria group__1783272;p__Bacillota__1239;c__Negativicutes__909932;o__Veillonellales__1843489,0.9958621078444182,0.5489864156168311,0.5488754938814446,0.5489465842572925,0.9895280732156724,0.9959865857716048,0.996192296219602,0.992561096744572
SRR5936079,909932,class,0.2481,Negativicutes,n__cellular organisms__131567;sk__Bacteria__2;cl__Terrabacteria group__1783272;p__Bacillota__1239;c__Negativicutes__909932,0.991037648479464,0.1874304214358677,0.1859892047206665,0.1861723576392993,0.982382523646549,0.99086791688397,0.9910996725353882,0.9840115950898276
SRR5936079,450749,species,0.0907,Veillonella sp. 6_1_27,n__cellular organisms__131567;sk__Bacteria__2;cl__Terrabacteria group__1783272;p__Bacillota__1239;c__Negativicutes__909932;o__Veillonellales__1843489;f__Veillonellaceae__31977;g__Veillonella__29465;n__unclassified Veillonella__2630086;s__Veillonella sp. 6_1_27__450749,0.9998280974627752,0.9959788557906446,0.9959744812861262,0.9959800597672804,0.9996137447707844,0.9998022888353088,0.9998044438947958,0.9996936214754736
SRR5936079,2630086,no rank,0.0907,unclassified Veillonella,n__cellular organisms__131567;sk__Bacteria__2;cl__Terrabacteria group__1783272;p__Bacillota__1239;c__Negativicutes__909932;o__Veillonellales__1843489;f__Veillonellaceae__31977;g__Veillonella__29465;n__unclassified Veillonella__2630086,0.9992932597440995,0.967247466930869,0.9671304291019194,0.9672774550519562,0.9975914776951816,0.9991984238707312,0.9992033898838136,0.9986946371741326
SRR5936079,768727,strain,0.0785,Veillonella parvula ACS-068-V-Sch12,n__cellular organisms__131567;sk__Bacteria__2;cl__Terrabacteria group__1783272;p__Bacillota__1239;c__Negativicutes__909932;o__Veillonellales__1843489;f__Veillonellaceae__31977;g__Veillonella__29465;s__Veillonella parvula__29466;st__Veillonella parvula ACS-068-V-Sch12__768727,0.9999594495001004,0.9891028373890026,0.9890845467386608,0.989106996200282,0.9991585389851428,0.999913577663141,0.99992770039164,0.999409172957777
SRR5936079,29466,species,0.0785,Veillonella parvula,n__cellular organisms__131567;sk__Bacteria__2;cl__Terrabacteria group__1783272;p__Bacillota__1239;c__Negativicutes__909932;o__Veillonellales__1843489;f__Veillonellaceae__31977;g__Veillonella__29465;s__Veillonella parvula__29466,0.9999594495001004,0.9805824824510014,0.980547232626647,0.9805903197924132,0.9989109803461288,0.999913577663141,0.99992770039164,0.9994025654861234
SRR5936079,1298595,strain,0.0044,Veillonella rogosae JCM 15642,n__cellular organisms__131567;sk__Bacteria__2;cl__Terrabacteria group__1783272;p__Bacillota__1239;c__Negativicutes__909932;o__Veillonellales__1843489;f__Veillonellaceae__31977;g__Veillonella__29465;s__Veillonella rogosae__423477;st__Veillonella rogosae JCM 15642__1298595,0.99294613411496,0.99474047228009,0.9947155442198432,0.9947409200658563,0.986472214796162,0.9920423903429948,0.9922747602791246,0.9913414531702022
SRR5936079,423477,species,0.0044,Veillonella rogosae,n__cellular organisms__131567;sk__Bacteria__2;cl__Terrabacteria group__1783272;p__Bacillota__1239;c__Negativicutes__909932;o__Veillonellales__1843489;f__Veillonellaceae__31977;g__Veillonella__29465;s__Veillonella rogosae__423477,0.99294613411496,0.99474047228009,0.9947155442198432,0.9947409200658563,0.986472214796162,0.9920423903429948,0.9922747602791246,0.9913414531702022
SRR5936079,864569,strain,0.0001,Streptococcus equinus ATCC 700338,n__cellular organisms__131567;sk__Bacteria__2;cl__Terrabacteria group__1783272;p__Bacillota__1239;c__Bacilli__91061;o__Lactobacillales__186826;f__Streptococcaceae__1300;g__Streptococcus__1301;s__Streptococcus equinus__1335;st__Streptococcus equinus ATCC 700338__864569,0.9978319286672984,0.9993005469820924,0.9992984131125948,0.9993011635471912,0.9977787408480574,0.9977879076129282,0.9977884406376236,0.9977818885899604
SRR5936079,1335,species,0.0001,Streptococcus equinus,n__cellular organisms__131567;sk__Bacteria__2;cl__Terrabacteria group__1783272;p__Bacillota__1239;c__Bacilli__91061;o__Lactobacillales__186826;f__Streptococcaceae__1300;g__Streptococcus__1301;s__Streptococcus equinus__1335,0.994941484976081,0.9984829377896256,0.9984808103579086,0.9984835496999428,0.9945453004296176,0.994566804928518,0.9945680553619196,0.99455268478094
SRR5936079,1301,genus,0.002,Streptococcus,n__cellular organisms__131567;sk__Bacteria__2;cl__Terrabacteria group__1783272;p__Bacillota__1239;c__Bacilli__91061;o__Lactobacillales__186826;f__Streptococcaceae__1300;g__Streptococcus__1301,0.6740564309270234,0.7763277848595972,0.7749927318653338,0.7698383787746087,0.5847747028981989,0.6525918047799147,0.6541737204237751,0.6114215336438947
SRR5936079,1300,family,0.002,Streptococcaceae,n__cellular organisms__131567;sk__Bacteria__2;cl__Terrabacteria group__1783272;p__Bacillota__1239;c__Bacilli__91061;o__Lactobacillales__186826;f__Streptococcaceae__1300,0.6636130450714001,0.7608990850163417,0.7575670754321561,0.7515801215232452,0.5726025543749904,0.6403599307274591,0.6421578632875152,0.599791254109107
SRR5936079,186826,order,0.0021,Lactobacillales,n__cellular organisms__131567;sk__Bacteria__2;cl__Terrabacteria group__1783272;p__Bacillota__1239;c__Bacilli__91061;o__Lactobacillales__186826,0.3827409307438465,0.6787867043102677,0.6775837230862493,0.6702083014075249,0.6565644887525381,0.7148398330209622,0.5861436777969369,0.6619236608401114
SRR5936079,91061,class,0.0021,Bacilli,n__cellular organisms__131567;sk__Bacteria__2;cl__Terrabacteria group__1783272;p__Bacillota__1239;c__Bacilli__91061,0.3581898131183461,0.6350890794171092,0.6340691356166331,0.6252837354571629,0.6231009110309328,0.6872944341227811,0.543504095052142,0.6292071517209553
SRR5936079,981540,strain,0.0003,Streptococcus pasteurianus ATCC 43144,n__cellular organisms__131567;sk__Bacteria__2;cl__Terrabacteria group__1783272;p__Bacillota__1239;c__Bacilli__91061;o__Lactobacillales__186826;f__Streptococcaceae__1300;g__Streptococcus__1301;s__Streptococcus pasteurianus__197614;st__Streptococcus pasteurianus ATCC 43144__981540,0.9888237449614246,0.998892749142924,0.9988910166134553,0.9988930628758276,0.9858566257144568,0.987307114476458,0.9873216308641763,0.9871535682166112
SRR5936079,197614,species,0.0003,Streptococcus pasteurianus,n__cellular organisms__131567;sk__Bacteria__2;cl__Terrabacteria group__1783272;p__Bacillota__1239;c__Bacilli__91061;o__Lactobacillales__186826;f__Streptococcaceae__1300;g__Streptococcus__1301;s__Streptococcus pasteurianus__197614,0.9871747893000103,0.9984432627839644,0.9984406733393466,0.9984436513768244,0.984025780499282,0.9854707545499126,0.9854852709376312,0.9853308266712416
SRR5936079,1415765,strain,0.0011,Streptococcus mitis 21/39,n__cellular organisms__131567;sk__Bacteria__2;cl__Terrabacteria group__1783272;p__Bacillota__1239;c__Bacilli__91061;o__Lactobacillales__186826;f__Streptococcaceae__1300;g__Streptococcus__1301;s__Streptococcus mitis__28037;st__Streptococcus mitis 21/39__1415765,0.9998636413475908,1.0,1.0,1.0,0.9999055443245864,1.0,1.0,0.9999684814350456
SRR5936079,28037,species,0.0011,Streptococcus mitis,n__cellular organisms__131567;sk__Bacteria__2;cl__Terrabacteria group__1783272;p__Bacillota__1239;c__Bacilli__91061;o__Lactobacillales__186826;f__Streptococcaceae__1300;g__Streptococcus__1301;s__Streptococcus mitis__28037,0.9959692194942196,0.999595078510613,0.9995931443807118,0.9995951536448472,0.9931294099256536,0.9958444876461404,0.995890736017386,0.9943907244660984
SRR5936079,1579343,species,0.0003,Streptococcus sp. 263_SSPC,n__cellular organisms__131567;sk__Bacteria__2;cl__Terrabacteria group__1783272;p__Bacillota__1239;c__Bacilli__91061;o__Lactobacillales__186826;f__Streptococcaceae__1300;g__Streptococcus__1301;n__unclassified Streptococcus__2608887;s__Streptococcus sp. 263_SSPC__1579343,0.9989006962256224,1.0,1.0,1.0,0.9967028623982116,0.9981163182526837,0.998136506005702,0.9978856689141896
SRR5936079,2608887,no rank,0.0003,unclassified Streptococcus,n__cellular organisms__131567;sk__Bacteria__2;cl__Terrabacteria group__1783272;p__Bacillota__1239;c__Bacilli__91061;o__Lactobacillales__186826;f__Streptococcaceae__1300;g__Streptococcus__1301;n__unclassified Streptococcus__2608887,0.6775375595455645,0.9325347521903816,0.9307378143181552,0.9303937042696772,0.6019245073004855,0.6334288519907142,0.6339186061850134,0.6274855638855927
SRR5936079,1579,species,0.0001,Lactobacillus acidophilus,n__cellular organisms__131567;sk__Bacteria__2;cl__Terrabacteria group__1783272;p__Bacillota__1239;c__Bacilli__91061;o__Lactobacillales__186826;f__Lactobacillaceae__33958;g__Lactobacillus__1578;s__Lactobacillus acidophilus__1579,0.981495053132917,0.9996340595191212,0.9996305763848043,0.9996341026951072,0.9778462288665628,0.9781262726830996,0.9781410507581462,0.9778966761475052
SRR5936079,1578,genus,0.0001,Lactobacillus,n__cellular organisms__131567;sk__Bacteria__2;cl__Terrabacteria group__1783272;p__Bacillota__1239;c__Bacilli__91061;o__Lactobacillales__186826;f__Lactobacillaceae__33958;g__Lactobacillus__1578,0.3321729571271441,0.9854551859057882,0.9854111551174884,0.9854220676962356,0.9327252666120688,0.8794887672072113,0.8795675387048827,0.8775030211124242
SRR5936079,33958,family,0.0001,Lactobacillaceae,n__cellular organisms__131567;sk__Bacteria__2;cl__Terrabacteria group__1783272;p__Bacillota__1239;c__Bacilli__91061;o__Lactobacillales__186826;f__Lactobacillaceae__33958,0.2757420300476356,0.9360580609082272,0.9357092064119922,0.935722510190858,0.8656156089527162,0.8136149370012501,0.7023085574450181,0.7001382693578108
SRR5936079,871562,strain,0.0288,Bifidobacterium dentium ATCC 27679,n__cellular organisms__131567;sk__Bacteria__2;cl__Terrabacteria group__1783272;p__Actinomycetota__201174;c__Actinomycetes__1760;o__Bifidobacteriales__85004;f__Bifidobacteriaceae__31953;g__Bifidobacterium__1678;s__Bifidobacterium dentium__1689;st__Bifidobacterium dentium ATCC 27679__871562,0.9956946837575602,0.9945155784515964,0.9945142633111976,0.9945159499950336,0.9951227023919328,0.9951928860705296,0.9951969428272806,0.9951470763505136
SRR5936079,1689,species,0.0288,Bifidobacterium dentium,n__cellular organisms__131567;sk__Bacteria__2;cl__Terrabacteria group__1783272;p__Actinomycetota__201174;c__Actinomycetes__1760;o__Bifidobacteriales__85004;f__Bifidobacteriaceae__31953;g__Bifidobacterium__1678;s__Bifidobacterium dentium__1689,0.9950498612782326,0.9888640085478146,0.9888448199392924,0.988868485538023,0.9939722030123176,0.9948406087960248,0.9948597148393228,0.9945305909426828
SRR5936079,1678,genus,0.0365,Bifidobacterium,n__cellular organisms__131567;sk__Bacteria__2;cl__Terrabacteria group__1783272;p__Actinomycetota__201174;c__Actinomycetes__1760;o__Bifidobacteriales__85004;f__Bifidobacteriaceae__31953;g__Bifidobacterium__1678,0.7418468303407186,0.4123851739424526,0.4182713654474709,0.4102672795308404,0.6823695411239751,0.7363693663072074,0.738252622487949,0.8137972415719676
SRR5936079,31953,family,0.0365,Bifidobacteriaceae,n__cellular organisms__131567;sk__Bacteria__2;cl__Terrabacteria group__1783272;p__Actinomycetota__201174;c__Actinomycetes__1760;o__Bifidobacteriales__85004;f__Bifidobacteriaceae__31953,0.7418468303407186,0.4117730539669375,0.417446170161455,0.4111820533752136,0.6823589270073458,0.736165326315369,0.7380521753238629,0.8137972415719676
SRR5936079,85004,order,0.0365,Bifidobacteriales,n__cellular organisms__131567;sk__Bacteria__2;cl__Terrabacteria group__1783272;p__Actinomycetota__201174;c__Actinomycetes__1760;o__Bifidobacteriales__85004,0.7418468303407186,0.4117730539669375,0.417446170161455,0.4111820533752136,0.6823589270073458,0.736165326315369,0.7380521753238629,0.8137972415719676
SRR5936079,1760,class,0.0368999999999999,Actinomycetes,n__cellular organisms__131567;sk__Bacteria__2;cl__Terrabacteria group__1783272;p__Actinomycetota__201174;c__Actinomycetes__1760,0.7416454563760614,0.4030490172742285,0.4088863470810372,0.4021172737581709,0.6818486025857606,0.7359639137921457,0.7397698825997374,0.813737652635217
SRR5936079,201174,phylum,0.0368999999999999,Actinomycetota,n__cellular organisms__131567;sk__Bacteria__2;cl__Terrabacteria group__1783272;p__Actinomycetota__201174,0.6691095639427804,0.2390252391267762,0.2523166847205456,0.2394998299238176,0.6465228114712324,0.6573671873715188,0.6617348715175094,0.7596896838483791
SRR5936079,883062,strain,0.0065,Bifidobacterium bifidum S17,n__cellular organisms__131567;sk__Bacteria__2;cl__Terrabacteria group__1783272;p__Actinomycetota__201174;c__Actinomycetes__1760;o__Bifidobacteriales__85004;f__Bifidobacteriaceae__31953;g__Bifidobacterium__1678;s__Bifidobacterium bifidum__1681;st__Bifidobacterium bifidum S17__883062,0.9710516672772936,0.968792763032168,0.9687309027079156,0.9687863177190836,0.9646194583496812,0.9699721475937024,0.9702406395168665,0.9667652489897246
SRR5936079,1681,species,0.0065,Bifidobacterium bifidum,n__cellular organisms__131567;sk__Bacteria__2;cl__Terrabacteria group__1783272;p__Actinomycetota__201174;c__Actinomycetes__1760;o__Bifidobacteriales__85004;f__Bifidobacteriaceae__31953;g__Bifidobacterium__1678;s__Bifidobacterium bifidum__1681,0.9160864785634868,0.9090911507720624,0.9084613386085983,0.9083901103406308,0.9000987981810137,0.9170658394369144,0.9176844324057384,0.9043104311213744
SRR5936079,537937,strain,0.001,Bifidobacterium longum subsp. infantis CCUG 52486,n__cellular organisms__131567;sk__Bacteria__2;cl__Terrabacteria group__1783272;p__Actinomycetota__201174;c__Actinomycetes__1760;o__Bifidobacteriales__85004;f__Bifidobacteriaceae__31953;g__Bifidobacterium__1678;s__Bifidobacterium longum__216816;sus__Bifidobacterium longum subsp. infantis__1682;st__Bifidobacterium longum subsp. infantis CCUG 52486__537937,0.976181751557249,0.9892437578158596,0.9891997129028884,0.989251104397972,0.9744185290327906,0.975620303899411,0.975652404810632,0.9745541815653062
SRR5936079,1682,subspecies,0.001,Bifidobacterium longum subsp. infantis,n__cellular organisms__131567;sk__Bacteria__2;cl__Terrabacteria group__1783272;p__Actinomycetota__201174;c__Actinomycetes__1760;o__Bifidobacteriales__85004;f__Bifidobacteriaceae__31953;g__Bifidobacterium__1678;s__Bifidobacterium longum__216816;sus__Bifidobacterium longum subsp. infantis__1682,0.9686698424330288,0.9832605865914024,0.983238969530604,0.9832641594402712,0.9663052554240772,0.9676627442177144,0.9676948451289352,0.9665966218836096
SRR5936079,216816,species,0.001,Bifidobacterium longum,n__cellular organisms__131567;sk__Bacteria__2;cl__Terrabacteria group__1783272;p__Actinomycetota__201174;c__Actinomycetes__1760;o__Bifidobacteriales__85004;f__Bifidobacteriaceae__31953;g__Bifidobacterium__1678;s__Bifidobacterium longum__216816,0.4836936606815386,0.6076335670110583,0.6057037640061039,0.6037769355707379,0.4465484490921981,0.4698020646160055,0.4704620380352538,0.4552412891056152
SRR5936079,566552,strain,0.0002,Bifidobacterium catenulatum DSM 16992 = JCM 1194 = LMG 11043,n__cellular organisms__131567;sk__Bacteria__2;cl__Terrabacteria group__1783272;p__Actinomycetota__201174;c__Actinomycetes__1760;o__Bifidobacteriales__85004;f__Bifidobacteriaceae__31953;g__Bifidobacterium__1678;s__Bifidobacterium catenulatum__1686;st__Bifidobacterium catenulatum DSM 16992 = JCM 1194 = LMG 11043__566552,0.829058263099959,0.9438829863517824,0.9437991591589674,0.9438544824559342,0.8165184907024886,0.8196735251441459,0.8198398838037473,0.8183412427134337
SRR5936079,1686,species,0.0002,Bifidobacterium catenulatum,n__cellular organisms__131567;sk__Bacteria__2;cl__Terrabacteria group__1783272;p__Actinomycetota__201174;c__Actinomycetes__1760;o__Bifidobacteriales__85004;f__Bifidobacteriaceae__31953;g__Bifidobacterium__1678;s__Bifidobacterium catenulatum__1686,0.7112495419566994,0.9127359017003144,0.9112113196709056,0.9112193108595852,0.6791289758470248,0.6858696601505928,0.6870263515533843,0.6827697150140806
SRR5936079,32207,genus,0.0004,Rothia,n__cellular organisms__131567;sk__Bacteria__2;cl__Terrabacteria group__1783272;p__Actinomycetota__201174;c__Actinomycetes__1760;o__Micrococcales__85006;f__Micrococcaceae__1268;g__Rothia__32207,0.9670208867716144,0.9983295647228378,0.998321201817558,0.9983212528377424,0.9498025597269592,0.9620836620042746,0.9621863772790746,0.9573289620003532
SRR5936079,1268,family,0.0004,Micrococcaceae,n__cellular organisms__131567;sk__Bacteria__2;cl__Terrabacteria group__1783272;p__Actinomycetota__201174;c__Actinomycetes__1760;o__Micrococcales__85006;f__Micrococcaceae__1268,0.9666544521801892,0.9983290454404044,0.9983206850020372,0.9983205113894718,0.949073454211727,0.961675582020598,0.961778297295398,0.9569208820166766
SRR5936079,85006,order,0.0004,Micrococcales,n__cellular organisms__131567;sk__Bacteria__2;cl__Terrabacteria group__1783272;p__Actinomycetota__201174;c__Actinomycetes__1760;o__Micrococcales__85006,0.9650054965187748,0.9983264490282368,0.9983181249411432,0.9983176677971798,0.9465515159960098,0.959635182102214,0.9597378973770142,0.9544996388769678
SRR5936079,562,species,0.1259,Escherichia coli,n__cellular organisms__131567;sk__Bacteria__2;p__Pseudomonadota__1224;c__Gammaproteobacteria__1236;o__Enterobacterales__91347;f__Enterobacteriaceae__543;g__Escherichia__561;s__Escherichia coli__562,0.9633583548899914,0.7656194942856005,0.7625462896345556,0.7650086009750384,0.9521701829598996,0.9638343447662556,0.9644857809636798,0.9567817944790868
SRR5936079,561,genus,0.1259,Escherichia,n__cellular organisms__131567;sk__Bacteria__2;p__Pseudomonadota__1224;c__Gammaproteobacteria__1236;o__Enterobacterales__91347;f__Enterobacteriaceae__543;g__Escherichia__561,0.9633583548899914,0.7650050133012134,0.7617200963320683,0.7643908444505499,0.9549069750099316,0.9637844196692248,0.9644857809636798,0.9567817944790868
SRR5936079,543,family,0.1458,Enterobacteriaceae,n__cellular organisms__131567;sk__Bacteria__2;p__Pseudomonadota__1224;c__Gammaproteobacteria__1236;o__Enterobacterales__91347;f__Enterobacteriaceae__543,0.93942962560484,0.6962678343105138,0.6949490532007778,0.6957851230379455,0.9341924856629028,0.9406414110521552,0.9415834371099464,0.9306473888077892
SRR5936079,91347,order,0.1699,Enterobacterales,n__cellular organisms__131567;sk__Bacteria__2;p__Pseudomonadota__1224;c__Gammaproteobacteria__1236;o__Enterobacterales__91347,0.948775735068329,0.692738194220836,0.6916162793026736,0.6918866595886579,0.940940186035363,0.948731605696296,0.9490752238587266,0.9380882658457282
SRR5936079,1236,class,0.1699,Gammaproteobacteria,n__cellular organisms__131567;sk__Bacteria__2;p__Pseudomonadota__1224;c__Gammaproteobacteria__1236,0.9450850293029036,0.6383955023627824,0.6360533376986377,0.6375355620965693,0.9398746620916963,0.9471496612487776,0.9478423140175488,0.9362820983369052
SRR5936079,1224,phylum,0.1699,Pseudomonadota,n__cellular organisms__131567;sk__Bacteria__2;p__Pseudomonadota__1224,0.9416446093651748,0.2228156449240633,0.2202424206498526,0.2217162211600222,0.9348322527749632,0.9433330763412489,0.9446527781564004,0.929505781319696
SRR5936079,1455605,strain,0.0199,Klebsiella pneumoniae 7699,n__cellular organisms__131567;sk__Bacteria__2;p__Pseudomonadota__1224;c__Gammaproteobacteria__1236;o__Enterobacterales__91347;f__Enterobacteriaceae__543;n__Klebsiella/Raoultella group__2890311;g__Klebsiella__570;s__Klebsiella pneumoniae__573;st__Klebsiella pneumoniae 7699__1455605,0.9996473526631674,0.9992648432168572,0.9992640138290416,0.9992650828552349,0.9995966259597152,0.9996058872346204,0.9996064257548404,0.9995998061550736
SRR5936079,573,species,0.0199,Klebsiella pneumoniae,n__cellular organisms__131567;sk__Bacteria__2;p__Pseudomonadota__1224;c__Gammaproteobacteria__1236;o__Enterobacterales__91347;f__Enterobacteriaceae__543;n__Klebsiella/Raoultella group__2890311;g__Klebsiella__570;s__Klebsiella pneumoniae__573,0.982044705020055,0.960927795253771,0.960843465929995,0.9609085185056336,0.978366611038182,0.983690457295816,0.9839346010720672,0.9800250316427784
SRR5936079,570,genus,0.0199,Klebsiella,n__cellular organisms__131567;sk__Bacteria__2;p__Pseudomonadota__1224;c__Gammaproteobacteria__1236;o__Enterobacterales__91347;f__Enterobacteriaceae__543;n__Klebsiella/Raoultella group__2890311;g__Klebsiella__570,0.9618908024916591,0.932367672246804,0.9322623879648186,0.9323313011977532,0.9564612973743593,0.9636283726285736,0.9638223300272764,0.9594271849748782
SRR5936079,2890311,no rank,0.0199,Klebsiella/Raoultella group,n__cellular organisms__131567;sk__Bacteria__2;p__Pseudomonadota__1224;c__Gammaproteobacteria__1236;o__Enterobacterales__91347;f__Enterobacteriaceae__543;n__Klebsiella/Raoultella group__2890311,0.9615243679002338,0.9315434485407952,0.9314173427312312,0.9315065497640576,0.9558927046249044,0.9632202926448968,0.9634142500435996,0.9590191049912016
SRR5936079,471881,strain,0.0163,Proteus penneri ATCC 35198,n__cellular organisms__131567;sk__Bacteria__2;p__Pseudomonadota__1224;c__Gammaproteobacteria__1236;o__Enterobacterales__91347;f__Morganellaceae__1903414;g__Proteus__583;s__Proteus penneri__102862;st__Proteus penneri ATCC 35198__471881,1.0,1.0,1.0,1.0,1.0,1.0,1.0,1.0
SRR5936079,102862,species,0.0163,Proteus penneri,n__cellular organisms__131567;sk__Bacteria__2;p__Pseudomonadota__1224;c__Gammaproteobacteria__1236;o__Enterobacterales__91347;f__Morganellaceae__1903414;g__Proteus__583;s__Proteus penneri__102862,1.0,1.0,1.0,1.0,1.0,1.0,1.0,1.0
SRR5936079,583,genus,0.024,Proteus,n__cellular organisms__131567;sk__Bacteria__2;p__Pseudomonadota__1224;c__Gammaproteobacteria__1236;o__Enterobacterales__91347;f__Morganellaceae__1903414;g__Proteus__583,0.998399014062366,0.995663419830476,0.995644278099409,0.9956677202196031,0.9975057342542606,0.9981803585089044,0.9981927755023716,0.997607443743962
SRR5936079,1903414,family,0.0241,Morganellaceae,n__cellular organisms__131567;sk__Bacteria__2;p__Pseudomonadota__1224;c__Gammaproteobacteria__1236;o__Enterobacterales__91347;f__Morganellaceae__1903414,0.9984018916702772,0.9954593957133552,0.995440253554187,0.9954637360473412,0.9975005387987176,0.9981834982866984,0.9981959670176388,0.997612471519681
SRR5936079,2050968,species,0.0077,Proteus sp. TJ1640,n__cellular organisms__131567;sk__Bacteria__2;p__Pseudomonadota__1224;c__Gammaproteobacteria__1236;o__Enterobacterales__91347;f__Morganellaceae__1903414;g__Proteus__583;n__unclassified Proteus__257482;s__Proteus sp. TJ1640__2050968,1.0,1.0,1.0,1.0,1.0,1.0,1.0,1.0
SRR5936079,257482,no rank,0.0077,unclassified Proteus,n__cellular organisms__131567;sk__Bacteria__2;p__Pseudomonadota__1224;c__Gammaproteobacteria__1236;o__Enterobacterales__91347;f__Morganellaceae__1903414;g__Proteus__583;n__unclassified Proteus__257482,0.998750883188244,0.9982400107039272,0.9982315534373069,0.9982420910530742,0.9981268393276488,0.9985741159906668,0.9985856136676562,0.9982340581080248
SRR5936079,586,genus,0.0001,Providencia,n__cellular organisms__131567;sk__Bacteria__2;p__Pseudomonadota__1224;c__Gammaproteobacteria__1236;o__Enterobacterales__91347;f__Morganellaceae__1903414;g__Providencia__586,0.9989006962256224,1.0,1.0,1.0,0.9979185504371044,0.9981308310125592,0.9981415084656716,0.9980434846764896
SRR5936079,28125,species,0.0003,Prevotella bivia,n__cellular organisms__131567;sk__Bacteria__2;cl__FCB group__1783270;cl__Bacteroidota/Chlorobiota group__68336;p__Bacteroidota__976;c__Bacteroidia__200643;o__Bacteroidales__171549;f__Prevotellaceae__171552;g__Prevotella__838;s__Prevotella bivia__28125,0.9787467936972266,0.9989260540973004,0.9989206480695746,0.9989239159187258,0.9633663677708364,0.97313849623156,0.973197579176304,0.9711767419641252
SRR5936079,838,genus,0.0006,Prevotella,n__cellular organisms__131567;sk__Bacteria__2;cl__FCB group__1783270;cl__Bacteroidota/Chlorobiota group__68336;p__Bacteroidota__976;c__Bacteroidia__200643;o__Bacteroidales__171549;f__Prevotellaceae__171552;g__Prevotella__838,0.7009893733967888,0.7787864649401153,0.7783395689377053,0.7791696012347561,0.675471801936965,0.6947377604088035,0.6976657265809415,0.8207055455118877
SRR5936079,171552,family,0.001,Prevotellaceae,n__cellular organisms__131567;sk__Bacteria__2;cl__FCB group__1783270;cl__Bacteroidota/Chlorobiota group__68336;p__Bacteroidota__976;c__Bacteroidia__200643;o__Bacteroidales__171549;f__Prevotellaceae__171552,0.5344448515939537,0.5776093681070732,0.5796585071945133,0.578102152363329,0.5167090390361553,0.5270890640708114,0.5298836670130098,0.6480127687962544
SRR5936079,171549,order,0.001,Bacteroidales,n__cellular organisms__131567;sk__Bacteria__2;cl__FCB group__1783270;cl__Bacteroidota/Chlorobiota group__68336;p__Bacteroidota__976;c__Bacteroidia__200643;o__Bacteroidales__171549,0.0223525100769512,0.0125178293652154,0.0124717888439077,0.0144820318131677,0.0184323806047883,0.0274363698068708,0.0186497498261846,0.1275900625833977
SRR5936079,200643,class,0.001,Bacteroidia,n__cellular organisms__131567;sk__Bacteria__2;cl__FCB group__1783270;cl__Bacteroidota/Chlorobiota group__68336;p__Bacteroidota__976;c__Bacteroidia__200643,0.0223525100769512,0.0125178293652154,0.0124717888439077,0.0156401478478492,0.0184323806047883,0.0274363698068708,0.0186497498261846,0.1275900625833977
SRR5936079,976,phylum,0.001,Bacteroidota,n__cellular organisms__131567;sk__Bacteria__2;cl__FCB group__1783270;cl__Bacteroidota/Chlorobiota group__68336;p__Bacteroidota__976,0.0218028581898131,0.0118972605983074,0.0118515977083089,0.0150177335979073,0.017843743102554,0.027028289823194,0.0180412226784218,0.1275492074398697
SRR5936079,68336,clade,0.001,Bacteroidota/Chlorobiota group,n__cellular organisms__131567;sk__Bacteria__2;cl__FCB group__1783270;cl__Bacteroidota/Chlorobiota group__68336,0.0218028581898131,0.0118972605983074,0.0118515977083089,0.0150177335979073,0.017843743102554,0.027028289823194,0.0180412226784218,0.1275492074398697
SRR5936079,1783270,clade,0.001,FCB group,n__cellular organisms__131567;sk__Bacteria__2;cl__FCB group__1783270,0.0218028581898131,0.0118972605983074,0.0118515977083089,0.0150177335979073,0.017843743102554,0.027028289823194,0.0180412226784218,0.1275492074398697
SRR5936079,2022527,species,0.0003,Prevotella sp. 885,n__cellular organisms__131567;sk__Bacteria__2;cl__FCB group__1783270;cl__Bacteroidota/Chlorobiota group__68336;p__Bacteroidota__976;c__Bacteroidia__200643;o__Bacteroidales__171549;f__Prevotellaceae__171552;g__Prevotella__838;n__unclassified Prevotella__2638335;s__Prevotella sp. 885__2022527,0.9813650279553144,0.991394351024066,0.9913649415310368,0.9914022365474836,0.9835009576267988,0.9839265212703968,0.9839309392257518,0.9838364362635053
SRR5936079,2638335,no rank,0.0003,unclassified Prevotella,n__cellular organisms__131567;sk__Bacteria__2;cl__FCB group__1783270;cl__Bacteroidota/Chlorobiota group__68336;p__Bacteroidota__976;c__Bacteroidia__200643;o__Bacteroidales__171549;f__Prevotellaceae__171552;g__Prevotella__838;n__unclassified Prevotella__2638335,0.7510076951263531,0.8370816601332136,0.8368472282146757,0.8370087981924544,0.737756184565659,0.7469741845817496,0.7473977508451872,0.7448812867448328
SRR5936079,537011,strain,0.0004,Segatella copri DSM 18205,n__cellular organisms__131567;sk__Bacteria__2;cl__FCB group__1783270;cl__Bacteroidota/Chlorobiota group__68336;p__Bacteroidota__976;c__Bacteroidia__200643;o__Bacteroidales__171549;f__Prevotellaceae__171552;g__Segatella__2974251;s__Segatella copri__165179;st__Segatella copri DSM 18205__537011,0.7218761451080354,0.7765979361617674,0.7761525278917819,0.7761324390351237,0.6985400486294279,0.7118175323794255,0.7121294800057133,0.7088250035579426
SRR5936079,165179,species,0.0004,Segatella copri,n__cellular organisms__131567;sk__Bacteria__2;cl__FCB group__1783270;cl__Bacteroidota/Chlorobiota group__68336;p__Bacteroidota__976;c__Bacteroidia__200643;o__Bacteroidales__171549;f__Prevotellaceae__171552;g__Segatella__2974251;s__Segatella copri__165179,0.7218761451080354,0.7765979361617674,0.7767398870418668,0.7761324390351237,0.6985400486294279,0.7118175323794255,0.7121294800057133,0.7088250035579426
SRR5936079,2974251,genus,0.0004,Segatella,n__cellular organisms__131567;sk__Bacteria__2;cl__FCB group__1783270;cl__Bacteroidota/Chlorobiota group__68336;p__Bacteroidota__976;c__Bacteroidia__200643;o__Bacteroidales__171549;f__Prevotellaceae__171552;g__Segatella__2974251,0.6986075485525238,0.7613421930240253,0.7614592062200469,0.761213546216141,0.6752810085849081,0.6871286933669817,0.6874551197771636,0.6839652459537573
